rolname;Name;table_name;privilege_type;revoke_sql
ovkislyakova;Кислякова Ольга Владимировна (Olga Kislyakova);rol_for_sum_daily;SELECT;"REVOKE SELECT ON cdm.rol_for_sum_daily FROM ovkislyakova;"
lagalimov;Галимов Линар Алмазович (Linar Galimov);rol_for_sum_daily;SELECT;"REVOKE SELECT ON cdm.rol_for_sum_daily FROM lagalimov;"
svtomashevskiy;Томашевский Сергей Владимирович (Sergey Tomashevskiy);rol_for_sum_daily;SELECT;"REVOKE SELECT ON cdm.rol_for_sum_daily FROM svtomashevskiy;"
vosipov;Осипов Виталий Сергеевич (Vitaliy Osipov);rol_for_sum_daily;SELECT;"REVOKE SELECT ON cdm.rol_for_sum_daily FROM vosipov;"
svfilatov;Филатов Сергей Викторович (Sergey Filatov);rol_for_sum_daily;SELECT;"REVOKE SELECT ON cdm.rol_for_sum_daily FROM svfilatov;"
rsseidov;Сеидов Рустам Сардар Оглы (Rustam Seidov);rol_for_sum_daily;SELECT;"REVOKE SELECT ON cdm.rol_for_sum_daily FROM rsseidov;"
eakalyuzhnyy;Калюжный Евгений Анатольевич (Evgeniy Kalyuzhnyy);rol_for_sum_daily;SELECT;"REVOKE SELECT ON cdm.rol_for_sum_daily FROM eakalyuzhnyy;"
verin;Ерин Вячеслав Сергеевич (Vyacheslav Erin);branches;SELECT;"REVOKE SELECT ON core.branches FROM verin;"
verin;Ерин Вячеслав Сергеевич (Vyacheslav Erin);cdi_bl_counterparty;SELECT;"REVOKE SELECT ON core.cdi_bl_counterparty FROM verin;"
verin;Ерин Вячеслав Сергеевич (Vyacheslav Erin);cdi_mappings;SELECT;"REVOKE SELECT ON core.cdi_mappings FROM verin;"
verin;Ерин Вячеслав Сергеевич (Vyacheslav Erin);cdi_ph_full_name_quality;SELECT;"REVOKE SELECT ON core.cdi_ph_full_name_quality FROM verin;"
verin;Ерин Вячеслав Сергеевич (Vyacheslav Erin);check;SELECT;"REVOKE SELECT ON core.check FROM verin;"
verin;Ерин Вячеслав Сергеевич (Vyacheslav Erin);claim_accidenttype;SELECT;"REVOKE SELECT ON core.claim_accidenttype FROM verin;"
verin;Ерин Вячеслав Сергеевич (Vyacheslav Erin);claim_check_bridge_proc;SELECT;"REVOKE SELECT ON core.claim_check_bridge_proc FROM verin;"
verin;Ерин Вячеслав Сергеевич (Vyacheslav Erin);claim_check_proc;SELECT;"REVOKE SELECT ON core.claim_check_proc FROM verin;"
verin;Ерин Вячеслав Сергеевич (Vyacheslav Erin);claim_counterparty_proc_tst;SELECT;"REVOKE SELECT ON core.claim_counterparty_proc_tst FROM verin;"
verin;Ерин Вячеслав Сергеевич (Vyacheslav Erin);claim_keygen_bridge;SELECT;"REVOKE SELECT ON core.claim_keygen_bridge FROM verin;"
verin;Ерин Вячеслав Сергеевич (Vyacheslav Erin);claim_linecategory;SELECT;"REVOKE SELECT ON core.claim_linecategory FROM verin;"
verin;Ерин Вячеслав Сергеевич (Vyacheslav Erin);claim_losscause;SELECT;"REVOKE SELECT ON core.claim_losscause FROM verin;"
verin;Ерин Вячеслав Сергеевич (Vyacheslav Erin);claim_policytype;SELECT;"REVOKE SELECT ON core.claim_policytype FROM verin;"
verin;Ерин Вячеслав Сергеевич (Vyacheslav Erin);claim_refundcategory;SELECT;"REVOKE SELECT ON core.claim_refundcategory FROM verin;"
yuaivakhnenko;Ивахненко Юрий Александрович (Yuriy Ivakhnenko);claim_rep_proc;SELECT;"REVOKE SELECT ON core.claim_rep_proc FROM yuaivakhnenko;"
verin;Ерин Вячеслав Сергеевич (Vyacheslav Erin);claim_rep_proc;SELECT;"REVOKE SELECT ON core.claim_rep_proc FROM verin;"
verin;Ерин Вячеслав Сергеевич (Vyacheslav Erin);claim_rep_proc_tst;SELECT;"REVOKE SELECT ON core.claim_rep_proc_tst FROM verin;"
verin;Ерин Вячеслав Сергеевич (Vyacheslav Erin);claim_state_region;SELECT;"REVOKE SELECT ON core.claim_state_region FROM verin;"
verin;Ерин Вячеслав Сергеевич (Vyacheslav Erin);commission_risk_sap_approv_keys;SELECT;"REVOKE SELECT ON core.commission_risk_sap_approv_keys FROM verin;"
verin;Ерин Вячеслав Сергеевич (Vyacheslav Erin);de_map_arm_plan;SELECT;"REVOKE SELECT ON core.de_map_arm_plan FROM verin;"
verin;Ерин Вячеслав Сергеевич (Vyacheslav Erin);de_plan_region;SELECT;"REVOKE SELECT ON core.de_plan_region FROM verin;"
verin;Ерин Вячеслав Сергеевич (Vyacheslav Erin);de_terr_group;SELECT;"REVOKE SELECT ON core.de_terr_group FROM verin;"
verin;Ерин Вячеслав Сергеевич (Vyacheslav Erin);debt_agent;SELECT;"REVOKE SELECT ON core.debt_agent FROM verin;"
verin;Ерин Вячеслав Сергеевич (Vyacheslav Erin);debt_client;SELECT;"REVOKE SELECT ON core.debt_client FROM verin;"
verin;Ерин Вячеслав Сергеевич (Vyacheslav Erin);dict_acc_group_limit_period;SELECT;"REVOKE SELECT ON core.dict_acc_group_limit_period FROM verin;"
verin;Ерин Вячеслав Сергеевич (Vyacheslav Erin);dict_actuary_mon_channel_map;SELECT;"REVOKE SELECT ON core.dict_actuary_mon_channel_map FROM verin;"
verin;Ерин Вячеслав Сергеевич (Vyacheslav Erin);dict_agent_rgs_group;SELECT;"REVOKE SELECT ON core.dict_agent_rgs_group FROM verin;"
verin;Ерин Вячеслав Сергеевич (Vyacheslav Erin);dict_insured_rgs_group;SELECT;"REVOKE SELECT ON core.dict_insured_rgs_group FROM verin;"
verin;Ерин Вячеслав Сергеевич (Vyacheslav Erin);dict_kk_region_vip;SELECT;"REVOKE SELECT ON core.dict_kk_region_vip FROM verin;"
verin;Ерин Вячеслав Сергеевич (Vyacheslav Erin);dict_kv_tariff_rate;SELECT;"REVOKE SELECT ON core.dict_kv_tariff_rate FROM verin;"
verin;Ерин Вячеслав Сергеевич (Vyacheslav Erin);dict_tax_rates;SELECT;"REVOKE SELECT ON core.dict_tax_rates FROM verin;"
verin;Ерин Вячеслав Сергеевич (Vyacheslav Erin);err_coverage;SELECT;"REVOKE SELECT ON core.err_coverage FROM verin;"
verin;Ерин Вячеслав Сергеевич (Vyacheslav Erin);err_incident;SELECT;"REVOKE SELECT ON core.err_incident FROM verin;"
verin;Ерин Вячеслав Сергеевич (Vyacheslav Erin);federal_district;SELECT;"REVOKE SELECT ON core.federal_district FROM verin;"
verin;Ерин Вячеслав Сергеевич (Vyacheslav Erin);fix_ekis_bid;SELECT;"REVOKE SELECT ON core.fix_ekis_bid FROM verin;"
verin;Ерин Вячеслав Сергеевич (Vyacheslav Erin);fix_ekis_bid_1;SELECT;"REVOKE SELECT ON core.fix_ekis_bid_1 FROM verin;"
verin;Ерин Вячеслав Сергеевич (Vyacheslav Erin);fix_ekis_bid_2;SELECT;"REVOKE SELECT ON core.fix_ekis_bid_2 FROM verin;"
verin;Ерин Вячеслав Сергеевич (Vyacheslav Erin);flowstructure;SELECT;"REVOKE SELECT ON core.flowstructure FROM verin;"
verin;Ерин Вячеслав Сергеевич (Vyacheslav Erin);kias_product;SELECT;"REVOKE SELECT ON core.kias_product FROM verin;"
verin;Ерин Вячеслав Сергеевич (Vyacheslav Erin);leasing_company;SELECT;"REVOKE SELECT ON core.leasing_company FROM verin;"
verin;Ерин Вячеслав Сергеевич (Vyacheslav Erin);loading_mode;SELECT;"REVOKE SELECT ON core.loading_mode FROM verin;"
dbzinchenko;Зинченко Дмитрий Сергеевич (Dmitriy Zinchenko);month_close_calendar;UPDATE;"REVOKE UPDATE ON core.month_close_calendar FROM dbzinchenko;"
annikolsky;Никольский Алексей Николаевич (Aleksey Nikolskiy);month_close_calendar;UPDATE;"REVOKE UPDATE ON core.month_close_calendar FROM annikolsky;"
verin;Ерин Вячеслав Сергеевич (Vyacheslav Erin);month_close_calendar;SELECT;"REVOKE SELECT ON core.month_close_calendar FROM verin;"
verin;Ерин Вячеслав Сергеевич (Vyacheslav Erin);mr_7gs_instype_cat;SELECT;"REVOKE SELECT ON core.mr_7gs_instype_cat FROM verin;"
verin;Ерин Вячеслав Сергеевич (Vyacheslav Erin);object_risk_tst;SELECT;"REVOKE SELECT ON core.object_risk_tst FROM verin;"
verin;Ерин Вячеслав Сергеевич (Vyacheslav Erin);obr_long;SELECT;"REVOKE SELECT ON core.obr_long FROM verin;"
verin;Ерин Вячеслав Сергеевич (Vyacheslav Erin);old_cdi_gold_person;SELECT;"REVOKE SELECT ON core.old_cdi_gold_person FROM verin;"
verin;Ерин Вячеслав Сергеевич (Vyacheslav Erin);or_liability_temp;SELECT;"REVOKE SELECT ON core.or_liability_temp FROM verin;"
verin;Ерин Вячеслав Сергеевич (Vyacheslav Erin);other_partner;SELECT;"REVOKE SELECT ON core.other_partner FROM verin;"
verin;Ерин Вячеслав Сергеевич (Vyacheslav Erin);base1;SELECT;"REVOKE SELECT ON core.base1 FROM verin;"
verin;Ерин Вячеслав Сергеевич (Vyacheslav Erin);commission_risk_sap_progn_keys;SELECT;"REVOKE SELECT ON core.commission_risk_sap_progn_keys FROM verin;"
verin;Ерин Вячеслав Сергеевич (Vyacheslav Erin);payment_delete;SELECT;"REVOKE SELECT ON core.payment_delete FROM verin;"
verin;Ерин Вячеслав Сергеевич (Vyacheslav Erin);payment_risk_delete;SELECT;"REVOKE SELECT ON core.payment_risk_delete FROM verin;"
verin;Ерин Вячеслав Сергеевич (Vyacheslav Erin);ref_accrual_compensation;SELECT;"REVOKE SELECT ON core.ref_accrual_compensation FROM verin;"
verin;Ерин Вячеслав Сергеевич (Vyacheslav Erin);ref_autodictpaymentmethod;SELECT;"REVOKE SELECT ON core.ref_autodictpaymentmethod FROM verin;"
verin;Ерин Вячеслав Сергеевич (Vyacheslav Erin);ref_bank_email;SELECT;"REVOKE SELECT ON core.ref_bank_email FROM verin;"
verin;Ерин Вячеслав Сергеевич (Vyacheslav Erin);ref_counterparty_role;SELECT;"REVOKE SELECT ON core.ref_counterparty_role FROM verin;"
verin;Ерин Вячеслав Сергеевич (Vyacheslav Erin);ref_countries;SELECT;"REVOKE SELECT ON core.ref_countries FROM verin;"
verin;Ерин Вячеслав Сергеевич (Vyacheslav Erin);ref_d_transport_type;SELECT;"REVOKE SELECT ON core.ref_d_transport_type FROM verin;"
dbzinchenko;Зинченко Дмитрий Сергеевич (Dmitriy Zinchenko);uo_partner_fp;INSERT;"REVOKE INSERT ON cdm_analysis_out.uo_partner_fp FROM dbzinchenko;"
dbzinchenko;Зинченко Дмитрий Сергеевич (Dmitriy Zinchenko);uo_partner_fp;SELECT;"REVOKE SELECT ON cdm_analysis_out.uo_partner_fp FROM dbzinchenko;"
dbzinchenko;Зинченко Дмитрий Сергеевич (Dmitriy Zinchenko);uo_partner_fp;UPDATE;"REVOKE UPDATE ON cdm_analysis_out.uo_partner_fp FROM dbzinchenko;"
dbzinchenko;Зинченко Дмитрий Сергеевич (Dmitriy Zinchenko);uo_partner_fp;DELETE;"REVOKE DELETE ON cdm_analysis_out.uo_partner_fp FROM dbzinchenko;"
dbzinchenko;Зинченко Дмитрий Сергеевич (Dmitriy Zinchenko);uo_partner_fp;TRUNCATE;"REVOKE TRUNCATE ON cdm_analysis_out.uo_partner_fp FROM dbzinchenko;"
verin;Ерин Вячеслав Сергеевич (Vyacheslav Erin);ref_dc_acc_group;SELECT;"REVOKE SELECT ON core.ref_dc_acc_group FROM verin;"
verin;Ерин Вячеслав Сергеевич (Vyacheslav Erin);ref_counterpaty_link_type;SELECT;"REVOKE SELECT ON core.ref_counterpaty_link_type FROM verin;"
verin;Ерин Вячеслав Сергеевич (Vyacheslav Erin);ref_dcaccountingrisk;SELECT;"REVOKE SELECT ON core.ref_dcaccountingrisk FROM verin;"
verin;Ерин Вячеслав Сергеевич (Vyacheslav Erin);ref_dict7gs;SELECT;"REVOKE SELECT ON core.ref_dict7gs FROM verin;"
verin;Ерин Вячеслав Сергеевич (Vyacheslav Erin);ref_dictinsurer;SELECT;"REVOKE SELECT ON core.ref_dictinsurer FROM verin;"
dnvoronin;Воронин Денис Николаевич (Denis Voronin);acc_premium_f10_rep2core;INSERT;"REVOKE INSERT ON cdm_analysis_out.acc_premium_f10_rep2core FROM dnvoronin;"
dnvoronin;Воронин Денис Николаевич (Denis Voronin);acc_premium_f10_rep2core;SELECT;"REVOKE SELECT ON cdm_analysis_out.acc_premium_f10_rep2core FROM dnvoronin;"
dnvoronin;Воронин Денис Николаевич (Denis Voronin);acc_premium_f10_rep2core;UPDATE;"REVOKE UPDATE ON cdm_analysis_out.acc_premium_f10_rep2core FROM dnvoronin;"
dnvoronin;Воронин Денис Николаевич (Denis Voronin);acc_premium_f10_rep2core;DELETE;"REVOKE DELETE ON cdm_analysis_out.acc_premium_f10_rep2core FROM dnvoronin;"
dnvoronin;Воронин Денис Николаевич (Denis Voronin);acc_premium_f10_rep2core;TRUNCATE;"REVOKE TRUNCATE ON cdm_analysis_out.acc_premium_f10_rep2core FROM dnvoronin;"
dnvoronin;Воронин Денис Николаевич (Denis Voronin);acc_premium_f10_rep2core;REFERENCES;"REVOKE REFERENCES ON cdm_analysis_out.acc_premium_f10_rep2core FROM dnvoronin;"
dnvoronin;Воронин Денис Николаевич (Denis Voronin);acc_premium_f10_rep2core;TRIGGER;"REVOKE TRIGGER ON cdm_analysis_out.acc_premium_f10_rep2core FROM dnvoronin;"
verin;Ерин Вячеслав Сергеевич (Vyacheslav Erin);ref_dictproject;SELECT;"REVOKE SELECT ON core.ref_dictproject FROM verin;"
verin;Ерин Вячеслав Сергеевич (Vyacheslav Erin);ref_dominant_currency;SELECT;"REVOKE SELECT ON core.ref_dominant_currency FROM verin;"
dnvoronin;Воронин Денис Николаевич (Denis Voronin);acc_premium_f10_t1;INSERT;"REVOKE INSERT ON cdm_analysis_out.acc_premium_f10_t1 FROM dnvoronin;"
dnvoronin;Воронин Денис Николаевич (Denis Voronin);acc_premium_f10_t1;SELECT;"REVOKE SELECT ON cdm_analysis_out.acc_premium_f10_t1 FROM dnvoronin;"
dnvoronin;Воронин Денис Николаевич (Denis Voronin);acc_premium_f10_t1;UPDATE;"REVOKE UPDATE ON cdm_analysis_out.acc_premium_f10_t1 FROM dnvoronin;"
dnvoronin;Воронин Денис Николаевич (Denis Voronin);acc_premium_f10_t1;DELETE;"REVOKE DELETE ON cdm_analysis_out.acc_premium_f10_t1 FROM dnvoronin;"
dnvoronin;Воронин Денис Николаевич (Denis Voronin);acc_premium_f10_t1;TRUNCATE;"REVOKE TRUNCATE ON cdm_analysis_out.acc_premium_f10_t1 FROM dnvoronin;"
dnvoronin;Воронин Денис Николаевич (Denis Voronin);acc_premium_f10_t1;REFERENCES;"REVOKE REFERENCES ON cdm_analysis_out.acc_premium_f10_t1 FROM dnvoronin;"
dnvoronin;Воронин Денис Николаевич (Denis Voronin);acc_premium_f10_t1;TRIGGER;"REVOKE TRIGGER ON cdm_analysis_out.acc_premium_f10_t1 FROM dnvoronin;"
dnvoronin;Воронин Денис Николаевич (Denis Voronin);acc_commission_ods2edw;INSERT;"REVOKE INSERT ON cdm_analysis_out.acc_commission_ods2edw FROM dnvoronin;"
dnvoronin;Воронин Денис Николаевич (Denis Voronin);acc_commission_ods2edw;SELECT;"REVOKE SELECT ON cdm_analysis_out.acc_commission_ods2edw FROM dnvoronin;"
dnvoronin;Воронин Денис Николаевич (Denis Voronin);acc_commission_ods2edw;UPDATE;"REVOKE UPDATE ON cdm_analysis_out.acc_commission_ods2edw FROM dnvoronin;"
dnvoronin;Воронин Денис Николаевич (Denis Voronin);acc_commission_ods2edw;DELETE;"REVOKE DELETE ON cdm_analysis_out.acc_commission_ods2edw FROM dnvoronin;"
dnvoronin;Воронин Денис Николаевич (Denis Voronin);acc_commission_ods2edw;TRUNCATE;"REVOKE TRUNCATE ON cdm_analysis_out.acc_commission_ods2edw FROM dnvoronin;"
dnvoronin;Воронин Денис Николаевич (Denis Voronin);acc_commission_ods2edw;REFERENCES;"REVOKE REFERENCES ON cdm_analysis_out.acc_commission_ods2edw FROM dnvoronin;"
dnvoronin;Воронин Денис Николаевич (Denis Voronin);acc_commission_ods2edw;TRIGGER;"REVOKE TRIGGER ON cdm_analysis_out.acc_commission_ods2edw FROM dnvoronin;"
dnvoronin;Воронин Денис Николаевич (Denis Voronin);acc_commission_monthly_t1;INSERT;"REVOKE INSERT ON cdm_analysis_out.acc_commission_monthly_t1 FROM dnvoronin;"
dnvoronin;Воронин Денис Николаевич (Denis Voronin);acc_commission_monthly_t1;SELECT;"REVOKE SELECT ON cdm_analysis_out.acc_commission_monthly_t1 FROM dnvoronin;"
dnvoronin;Воронин Денис Николаевич (Denis Voronin);acc_commission_monthly_t1;UPDATE;"REVOKE UPDATE ON cdm_analysis_out.acc_commission_monthly_t1 FROM dnvoronin;"
dnvoronin;Воронин Денис Николаевич (Denis Voronin);acc_commission_monthly_t1;DELETE;"REVOKE DELETE ON cdm_analysis_out.acc_commission_monthly_t1 FROM dnvoronin;"
dnvoronin;Воронин Денис Николаевич (Denis Voronin);acc_commission_monthly_t1;TRUNCATE;"REVOKE TRUNCATE ON cdm_analysis_out.acc_commission_monthly_t1 FROM dnvoronin;"
dnvoronin;Воронин Денис Николаевич (Denis Voronin);acc_commission_monthly_t1;REFERENCES;"REVOKE REFERENCES ON cdm_analysis_out.acc_commission_monthly_t1 FROM dnvoronin;"
dnvoronin;Воронин Денис Николаевич (Denis Voronin);acc_commission_monthly_t1;TRIGGER;"REVOKE TRIGGER ON cdm_analysis_out.acc_commission_monthly_t1 FROM dnvoronin;"
dnvoronin;Воронин Денис Николаевич (Denis Voronin);acc_commission_monthly_t2;INSERT;"REVOKE INSERT ON cdm_analysis_out.acc_commission_monthly_t2 FROM dnvoronin;"
dnvoronin;Воронин Денис Николаевич (Denis Voronin);acc_commission_monthly_t2;SELECT;"REVOKE SELECT ON cdm_analysis_out.acc_commission_monthly_t2 FROM dnvoronin;"
dnvoronin;Воронин Денис Николаевич (Denis Voronin);acc_commission_monthly_t2;UPDATE;"REVOKE UPDATE ON cdm_analysis_out.acc_commission_monthly_t2 FROM dnvoronin;"
dnvoronin;Воронин Денис Николаевич (Denis Voronin);acc_commission_monthly_t2;DELETE;"REVOKE DELETE ON cdm_analysis_out.acc_commission_monthly_t2 FROM dnvoronin;"
dnvoronin;Воронин Денис Николаевич (Denis Voronin);acc_commission_monthly_t2;TRUNCATE;"REVOKE TRUNCATE ON cdm_analysis_out.acc_commission_monthly_t2 FROM dnvoronin;"
dnvoronin;Воронин Денис Николаевич (Denis Voronin);acc_commission_monthly_t2;REFERENCES;"REVOKE REFERENCES ON cdm_analysis_out.acc_commission_monthly_t2 FROM dnvoronin;"
dnvoronin;Воронин Денис Николаевич (Denis Voronin);acc_commission_monthly_t2;TRIGGER;"REVOKE TRIGGER ON cdm_analysis_out.acc_commission_monthly_t2 FROM dnvoronin;"
verin;Ерин Вячеслав Сергеевич (Vyacheslav Erin);load_agent_act;SELECT;"REVOKE SELECT ON kias_dm.load_agent_act FROM verin;"
verin;Ерин Вячеслав Сергеевич (Vyacheslav Erin);load_contract_counterparty;SELECT;"REVOKE SELECT ON kias_dm.load_contract_counterparty FROM verin;"
verin;Ерин Вячеслав Сергеевич (Vyacheslav Erin);contracts_osago;SELECT;"REVOKE SELECT ON kias_dm.contracts_osago FROM verin;"
verin;Ерин Вячеслав Сергеевич (Vyacheslav Erin);base1;SELECT;"REVOKE SELECT ON kias_dm.base1 FROM verin;"
verin;Ерин Вячеслав Сергеевич (Vyacheslav Erin);load_contract;SELECT;"REVOKE SELECT ON kias_dm.load_contract FROM verin;"
verin;Ерин Вячеслав Сергеевич (Vyacheslav Erin);tr_errorslog;SELECT;"REVOKE SELECT ON kias_dm.tr_errorslog FROM verin;"
verin;Ерин Вячеслав Сергеевич (Vyacheslav Erin);contract_list;SELECT;"REVOKE SELECT ON kias_dm.contract_list FROM verin;"
verin;Ерин Вячеслав Сергеевич (Vyacheslav Erin);load_contract_last;SELECT;"REVOKE SELECT ON kias_dm.load_contract_last FROM verin;"
verin;Ерин Вячеслав Сергеевич (Vyacheslav Erin);agent_statement_last_del;SELECT;"REVOKE SELECT ON kias_dm.agent_statement_last_del FROM verin;"
verin;Ерин Вячеслав Сергеевич (Vyacheslav Erin);condfid_list;SELECT;"REVOKE SELECT ON kias_dm.condfid_list FROM verin;"
verin;Ерин Вячеслав Сергеевич (Vyacheslav Erin);load_comiss_par;SELECT;"REVOKE SELECT ON kias_dm.load_comiss_par FROM verin;"
verin;Ерин Вячеслав Сергеевич (Vyacheslav Erin);load_agent_report_row_last;SELECT;"REVOKE SELECT ON kias_dm.load_agent_report_row_last FROM verin;"
verin;Ерин Вячеслав Сергеевич (Vyacheslav Erin);load_agent_act_row_last;SELECT;"REVOKE SELECT ON kias_dm.load_agent_act_row_last FROM verin;"
verin;Ерин Вячеслав Сергеевич (Vyacheslav Erin);loadopersum;SELECT;"REVOKE SELECT ON kias_dm.loadopersum FROM verin;"
verin;Ерин Вячеслав Сергеевич (Vyacheslav Erin);load_agrsum;SELECT;"REVOKE SELECT ON kias_dm.load_agrsum FROM verin;"
verin;Ерин Вячеслав Сергеевич (Vyacheslav Erin);contract_err_id;SELECT;"REVOKE SELECT ON kias_dm.contract_err_id FROM verin;"
verin;Ерин Вячеслав Сергеевич (Vyacheslav Erin);kias_dict_codes;SELECT;"REVOKE SELECT ON kias_dm.kias_dict_codes FROM verin;"
verin;Ерин Вячеслав Сергеевич (Vyacheslav Erin);report_list;SELECT;"REVOKE SELECT ON kias_dm.report_list FROM verin;"
verin;Ерин Вячеслав Сергеевич (Vyacheslav Erin);load_agent_report_row;SELECT;"REVOKE SELECT ON kias_dm.load_agent_report_row FROM verin;"
verin;Ерин Вячеслав Сергеевич (Vyacheslav Erin);load_counterparty_last;SELECT;"REVOKE SELECT ON kias_dm.load_counterparty_last FROM verin;"
verin;Ерин Вячеслав Сергеевич (Vyacheslav Erin);tr_log;SELECT;"REVOKE SELECT ON kias_dm.tr_log FROM verin;"
verin;Ерин Вячеслав Сергеевич (Vyacheslav Erin);load_agent_act_row;SELECT;"REVOKE SELECT ON kias_dm.load_agent_act_row FROM verin;"
verin;Ерин Вячеслав Сергеевич (Vyacheslav Erin);load_agent_report_last;SELECT;"REVOKE SELECT ON kias_dm.load_agent_report_last FROM verin;"
verin;Ерин Вячеслав Сергеевич (Vyacheslav Erin);load_agent_report;SELECT;"REVOKE SELECT ON kias_dm.load_agent_report FROM verin;"
verin;Ерин Вячеслав Сергеевич (Vyacheslav Erin);kias_isn_codes;SELECT;"REVOKE SELECT ON kias_dm.kias_isn_codes FROM verin;"
verin;Ерин Вячеслав Сергеевич (Vyacheslav Erin);load_agent_report_test;SELECT;"REVOKE SELECT ON kias_dm.load_agent_report_test FROM verin;"
verin;Ерин Вячеслав Сергеевич (Vyacheslav Erin);kre_packs;SELECT;"REVOKE SELECT ON kias_dm.kre_packs FROM verin;"
verin;Ерин Вячеслав Сергеевич (Vyacheslav Erin);load_counterparty;SELECT;"REVOKE SELECT ON kias_dm.load_counterparty FROM verin;"
verin;Ерин Вячеслав Сергеевич (Vyacheslav Erin);load_protocol;SELECT;"REVOKE SELECT ON kias_dm.load_protocol FROM verin;"
verin;Ерин Вячеслав Сергеевич (Vyacheslav Erin);ref_guru_reserve_group;SELECT;"REVOKE SELECT ON core.ref_guru_reserve_group FROM verin;"
verin;Ерин Вячеслав Сергеевич (Vyacheslav Erin);ref_gvs;SELECT;"REVOKE SELECT ON core.ref_gvs FROM verin;"
verin;Ерин Вячеслав Сергеевич (Vyacheslav Erin);ref_gvs_ifrs17_old;SELECT;"REVOKE SELECT ON core.ref_gvs_ifrs17_old FROM verin;"
verin;Ерин Вячеслав Сергеевич (Vyacheslav Erin);ref_gvs_uo;SELECT;"REVOKE SELECT ON core.ref_gvs_uo FROM verin;"
verin;Ерин Вячеслав Сергеевич (Vyacheslav Erin);ref_ifrs17_portfolio;SELECT;"REVOKE SELECT ON core.ref_ifrs17_portfolio FROM verin;"
verin;Ерин Вячеслав Сергеевич (Vyacheslav Erin);ref_kladr_okato;SELECT;"REVOKE SELECT ON core.ref_kladr_okato FROM verin;"
verin;Ерин Вячеслав Сергеевич (Vyacheslav Erin);ref_leaser;SELECT;"REVOKE SELECT ON core.ref_leaser FROM verin;"
dnvoronin;Воронин Денис Николаевич (Denis Voronin);commission_risk_not_sap;INSERT;"REVOKE INSERT ON cdm_analysis_out.commission_risk_not_sap FROM dnvoronin;"
dnvoronin;Воронин Денис Николаевич (Denis Voronin);commission_risk_not_sap;SELECT;"REVOKE SELECT ON cdm_analysis_out.commission_risk_not_sap FROM dnvoronin;"
dnvoronin;Воронин Денис Николаевич (Denis Voronin);commission_risk_not_sap;UPDATE;"REVOKE UPDATE ON cdm_analysis_out.commission_risk_not_sap FROM dnvoronin;"
dnvoronin;Воронин Денис Николаевич (Denis Voronin);commission_risk_not_sap;DELETE;"REVOKE DELETE ON cdm_analysis_out.commission_risk_not_sap FROM dnvoronin;"
dnvoronin;Воронин Денис Николаевич (Denis Voronin);commission_risk_not_sap;TRUNCATE;"REVOKE TRUNCATE ON cdm_analysis_out.commission_risk_not_sap FROM dnvoronin;"
dnvoronin;Воронин Денис Николаевич (Denis Voronin);commission_risk_not_sap;REFERENCES;"REVOKE REFERENCES ON cdm_analysis_out.commission_risk_not_sap FROM dnvoronin;"
dnvoronin;Воронин Денис Николаевич (Denis Voronin);commission_risk_not_sap;TRIGGER;"REVOKE TRIGGER ON cdm_analysis_out.commission_risk_not_sap FROM dnvoronin;"
verin;Ерин Вячеслав Сергеевич (Vyacheslav Erin);ref_osago_segment;SELECT;"REVOKE SELECT ON core.ref_osago_segment FROM verin;"
aptimchenko;Тимченко Александр Петрович (Aleksandr Timchenko);ref_partner;SELECT;"REVOKE SELECT ON core.ref_partner FROM aptimchenko;"
aptimchenko;Тимченко Александр Петрович (Aleksandr Timchenko);ref_partner_type;SELECT;"REVOKE SELECT ON core.ref_partner_type FROM aptimchenko;"
verin;Ерин Вячеслав Сергеевич (Vyacheslav Erin);ref_product_catalog;SELECT;"REVOKE SELECT ON core.ref_product_catalog FROM verin;"
verin;Ерин Вячеслав Сергеевич (Vyacheslav Erin);ref_product_mapping;SELECT;"REVOKE SELECT ON core.ref_product_mapping FROM verin;"
verin;Ерин Вячеслав Сергеевич (Vyacheslav Erin);ref_relation_type;SELECT;"REVOKE SELECT ON core.ref_relation_type FROM verin;"
verin;Ерин Вячеслав Сергеевич (Vyacheslav Erin);ref_reserve_groups_def;SELECT;"REVOKE SELECT ON core.ref_reserve_groups_def FROM verin;"
verin;Ерин Вячеслав Сергеевич (Vyacheslav Erin);regress;SELECT;"REVOKE SELECT ON core.regress FROM verin;"
verin;Ерин Вячеслав Сергеевич (Vyacheslav Erin);reinsurance_condition;SELECT;"REVOKE SELECT ON core.reinsurance_condition FROM verin;"
verin;Ерин Вячеслав Сергеевич (Vyacheslav Erin);ref_sale_channel_groupmk;SELECT;"REVOKE SELECT ON core.ref_sale_channel_groupmk FROM verin;"
verin;Ерин Вячеслав Сергеевич (Vyacheslav Erin);region_vip;SELECT;"REVOKE SELECT ON core.region_vip FROM verin;"
verin;Ерин Вячеслав Сергеевич (Vyacheslav Erin);reinsurance_counterparty;SELECT;"REVOKE SELECT ON core.reinsurance_counterparty FROM verin;"
verin;Ерин Вячеслав Сергеевич (Vyacheslav Erin);reinsurance_paid_return;SELECT;"REVOKE SELECT ON core.reinsurance_paid_return FROM verin;"
verin;Ерин Вячеслав Сергеевич (Vyacheslav Erin);remuneration_map_tab_1;SELECT;"REVOKE SELECT ON core.remuneration_map_tab_1 FROM verin;"
verin;Ерин Вячеслав Сергеевич (Vyacheslav Erin);rep_loading;SELECT;"REVOKE SELECT ON core.rep_loading FROM verin;"
verin;Ерин Вячеслав Сергеевич (Vyacheslav Erin);rgs_id_delta;SELECT;"REVOKE SELECT ON core.rgs_id_delta FROM verin;"
verin;Ерин Вячеслав Сергеевич (Vyacheslav Erin);rgs_id_delta_;SELECT;"REVOKE SELECT ON core.rgs_id_delta_ FROM verin;"
verin;Ерин Вячеслав Сергеевич (Vyacheslav Erin);rgs_id_delta_20190625;SELECT;"REVOKE SELECT ON core.rgs_id_delta_20190625 FROM verin;"
verin;Ерин Вячеслав Сергеевич (Vyacheslav Erin);rgs_id_delta_acrm;SELECT;"REVOKE SELECT ON core.rgs_id_delta_acrm FROM verin;"
verin;Ерин Вячеслав Сергеевич (Vyacheslav Erin);sale_channel_162;SELECT;"REVOKE SELECT ON core.sale_channel_162 FROM verin;"
verin;Ерин Вячеслав Сергеевич (Vyacheslav Erin);sale_channel_162_agent_link;SELECT;"REVOKE SELECT ON core.sale_channel_162_agent_link FROM verin;"
verin;Ерин Вячеслав Сергеевич (Vyacheslav Erin);sale_channel_type;SELECT;"REVOKE SELECT ON core.sale_channel_type FROM verin;"
yuaivakhnenko;Ивахненко Юрий Александрович (Yuriy Ivakhnenko);settled_claim_proc;SELECT;"REVOKE SELECT ON core.settled_claim_proc FROM yuaivakhnenko;"
verin;Ерин Вячеслав Сергеевич (Vyacheslav Erin);settled_claim_proc;SELECT;"REVOKE SELECT ON core.settled_claim_proc FROM verin;"
verin;Ерин Вячеслав Сергеевич (Vyacheslav Erin);subject_federation;SELECT;"REVOKE SELECT ON core.subject_federation FROM verin;"
verin;Ерин Вячеслав Сергеевич (Vyacheslav Erin);transaction;SELECT;"REVOKE SELECT ON core.transaction FROM verin;"
verin;Ерин Вячеслав Сергеевич (Vyacheslav Erin);t_131_139;SELECT;"REVOKE SELECT ON core.t_131_139 FROM verin;"
verin;Ерин Вячеслав Сергеевич (Vyacheslav Erin);transaction_audit;SELECT;"REVOKE SELECT ON core.transaction_audit FROM verin;"
verin;Ерин Вячеслав Сергеевич (Vyacheslav Erin);transaction_mngr_audit;SELECT;"REVOKE SELECT ON core.transaction_mngr_audit FROM verin;"
verin;Ерин Вячеслав Сергеевич (Vyacheslav Erin);type_ins_form162;SELECT;"REVOKE SELECT ON core.type_ins_form162 FROM verin;"
verin;Ерин Вячеслав Сергеевич (Vyacheslav Erin);uo_mapsale2020;SELECT;"REVOKE SELECT ON core.uo_mapsale2020 FROM verin;"
verin;Ерин Вячеслав Сергеевич (Vyacheslav Erin);uo_name_product;SELECT;"REVOKE SELECT ON core.uo_name_product FROM verin;"
verin;Ерин Вячеслав Сергеевич (Vyacheslav Erin);vehicle;SELECT;"REVOKE SELECT ON core.vehicle FROM verin;"
verin;Ерин Вячеслав Сергеевич (Vyacheslav Erin);yrc_r1_exp;SELECT;"REVOKE SELECT ON core.yrc_r1_exp FROM verin;"
verin;Ерин Вячеслав Сергеевич (Vyacheslav Erin);yrc_r1_exp_claimant;SELECT;"REVOKE SELECT ON core.yrc_r1_exp_claimant FROM verin;"
verin;Ерин Вячеслав Сергеевич (Vyacheslav Erin);yrc_r1_exp_insured;SELECT;"REVOKE SELECT ON core.yrc_r1_exp_insured FROM verin;"
verin;Ерин Вячеслав Сергеевич (Vyacheslav Erin);yrc_r1_exp_ork;SELECT;"REVOKE SELECT ON core.yrc_r1_exp_ork FROM verin;"
verin;Ерин Вячеслав Сергеевич (Vyacheslav Erin);yrc_r1_exp_znu_cl;SELECT;"REVOKE SELECT ON core.yrc_r1_exp_znu_cl FROM verin;"
verin;Ерин Вячеслав Сергеевич (Vyacheslav Erin);yrc_r2_chkexp;SELECT;"REVOKE SELECT ON core.yrc_r2_chkexp FROM verin;"
verin;Ерин Вячеслав Сергеевич (Vyacheslav Erin);yrc_r2_exp_claimant;SELECT;"REVOKE SELECT ON core.yrc_r2_exp_claimant FROM verin;"
verin;Ерин Вячеслав Сергеевич (Vyacheslav Erin);yrc_r2_exp_insured;SELECT;"REVOKE SELECT ON core.yrc_r2_exp_insured FROM verin;"
verin;Ерин Вячеслав Сергеевич (Vyacheslav Erin);yrc_r2_exp_znu_cl;SELECT;"REVOKE SELECT ON core.yrc_r2_exp_znu_cl FROM verin;"
verin;Ерин Вячеслав Сергеевич (Vyacheslav Erin);yrc_r2_tr;SELECT;"REVOKE SELECT ON core.yrc_r2_tr FROM verin;"
verin;Ерин Вячеслав Сергеевич (Vyacheslav Erin);reinsurance_expense;SELECT;"REVOKE SELECT ON core.reinsurance_expense FROM verin;"
verin;Ерин Вячеслав Сергеевич (Vyacheslav Erin);loading_stats;SELECT;"REVOKE SELECT ON core.loading_stats FROM verin;"
verin;Ерин Вячеслав Сергеевич (Vyacheslav Erin);alarmguard_insured_vehicle;SELECT;"REVOKE SELECT ON core.alarmguard_insured_vehicle FROM verin;"
verin;Ерин Вячеслав Сергеевич (Vyacheslav Erin);bank_account;SELECT;"REVOKE SELECT ON core.bank_account FROM verin;"
verin;Ерин Вячеслав Сергеевич (Vyacheslav Erin);cancel_storno_long;SELECT;"REVOKE SELECT ON core.cancel_storno_long FROM verin;"
avpirogov;Пирогов Алексей Валерьевич (Aleksey Pirogov);cdi_blacklist;SELECT;"REVOKE SELECT ON core.cdi_blacklist FROM avpirogov;"
avkuzmenkov;Кузьменков Александр Владимирович (Aleksandr Kuzmenkov);cdi_blacklist;SELECT;"REVOKE SELECT ON core.cdi_blacklist FROM avkuzmenkov;"
verin;Ерин Вячеслав Сергеевич (Vyacheslav Erin);cdi_blacklist;SELECT;"REVOKE SELECT ON core.cdi_blacklist FROM verin;"
verin;Ерин Вячеслав Сергеевич (Vyacheslav Erin);cdi_counterparty_united;SELECT;"REVOKE SELECT ON core.cdi_counterparty_united FROM verin;"
avpirogov;Пирогов Алексей Валерьевич (Aleksey Pirogov);ref_offeringgwpc;SELECT;"REVOKE SELECT ON core.ref_offeringgwpc FROM avpirogov;"
avkuzmenkov;Кузьменков Александр Владимирович (Aleksandr Kuzmenkov);ref_offeringgwpc;SELECT;"REVOKE SELECT ON core.ref_offeringgwpc FROM avkuzmenkov;"
pvzakrepin;Закрепин Павел Владимирович (Pavel Zakrepin);tmp_delete_core_sandbox_households ;INSERT;"REVOKE INSERT ON public.tmp_delete_core_sandbox_households  FROM pvzakrepin;"
pvzakrepin;Закрепин Павел Владимирович (Pavel Zakrepin);tmp_delete_core_sandbox_households ;SELECT;"REVOKE SELECT ON public.tmp_delete_core_sandbox_households  FROM pvzakrepin;"
pvzakrepin;Закрепин Павел Владимирович (Pavel Zakrepin);tmp_delete_core_sandbox_households ;UPDATE;"REVOKE UPDATE ON public.tmp_delete_core_sandbox_households  FROM pvzakrepin;"
pvzakrepin;Закрепин Павел Владимирович (Pavel Zakrepin);tmp_delete_core_sandbox_households ;DELETE;"REVOKE DELETE ON public.tmp_delete_core_sandbox_households  FROM pvzakrepin;"
pvzakrepin;Закрепин Павел Владимирович (Pavel Zakrepin);tmp_delete_core_sandbox_households ;TRUNCATE;"REVOKE TRUNCATE ON public.tmp_delete_core_sandbox_households  FROM pvzakrepin;"
pvzakrepin;Закрепин Павел Владимирович (Pavel Zakrepin);tmp_delete_core_sandbox_households ;REFERENCES;"REVOKE REFERENCES ON public.tmp_delete_core_sandbox_households  FROM pvzakrepin;"
pvzakrepin;Закрепин Павел Владимирович (Pavel Zakrepin);tmp_delete_core_sandbox_households ;TRIGGER;"REVOKE TRIGGER ON public.tmp_delete_core_sandbox_households  FROM pvzakrepin;"
verin;Ерин Вячеслав Сергеевич (Vyacheslav Erin);cdi_vehicle_united;SELECT;"REVOKE SELECT ON core.cdi_vehicle_united FROM verin;"
verin;Ерин Вячеслав Сергеевич (Vyacheslav Erin);claim_check;SELECT;"REVOKE SELECT ON core.claim_check FROM verin;"
verin;Ерин Вячеслав Сергеевич (Vyacheslav Erin);claim_compensationrecipient;SELECT;"REVOKE SELECT ON core.claim_compensationrecipient FROM verin;"
verin;Ерин Вячеслав Сергеевич (Vyacheslav Erin);claim_counterparty;SELECT;"REVOKE SELECT ON core.claim_counterparty FROM verin;"
verin;Ерин Вячеслав Сергеевич (Vyacheslav Erin);claim_courtorder;SELECT;"REVOKE SELECT ON core.claim_courtorder FROM verin;"
verin;Ерин Вячеслав Сергеевич (Vyacheslav Erin);claim_coverage;SELECT;"REVOKE SELECT ON core.claim_coverage FROM verin;"
verin;Ерин Вячеслав Сергеевич (Vyacheslav Erin);claim_exposure;SELECT;"REVOKE SELECT ON core.claim_exposure FROM verin;"
verin;Ерин Вячеслав Сергеевич (Vyacheslav Erin);claim_incident;SELECT;"REVOKE SELECT ON core.claim_incident FROM verin;"
verin;Ерин Вячеслав Сергеевич (Vyacheslav Erin);claim_matter;SELECT;"REVOKE SELECT ON core.claim_matter FROM verin;"
verin;Ерин Вячеслав Сергеевич (Vyacheslav Erin);claim_policyexternal;SELECT;"REVOKE SELECT ON core.claim_policyexternal FROM verin;"
verin;Ерин Вячеслав Сергеевич (Vyacheslav Erin);claim_reserverejection;SELECT;"REVOKE SELECT ON core.claim_reserverejection FROM verin;"
verin;Ерин Вячеслав Сергеевич (Vyacheslav Erin);claim_subroadverseparty;SELECT;"REVOKE SELECT ON core.claim_subroadverseparty FROM verin;"
verin;Ерин Вячеслав Сергеевич (Vyacheslav Erin);claim_subrogation_approvedsum;SELECT;"REVOKE SELECT ON core.claim_subrogation_approvedsum FROM verin;"
verin;Ерин Вячеслав Сергеевич (Vyacheslav Erin);comission_discount;SELECT;"REVOKE SELECT ON core.comission_discount FROM verin;"
verin;Ерин Вячеслав Сергеевич (Vyacheslav Erin);commission_risk;SELECT;"REVOKE SELECT ON core.commission_risk FROM verin;"
verin;Ерин Вячеслав Сергеевич (Vyacheslav Erin);commission_risk_sap_approv;SELECT;"REVOKE SELECT ON core.commission_risk_sap_approv FROM verin;"
verin;Ерин Вячеслав Сергеевич (Vyacheslav Erin);commission_risk_sap_progn;SELECT;"REVOKE SELECT ON core.commission_risk_sap_progn FROM verin;"
verin;Ерин Вячеслав Сергеевич (Vyacheslav Erin);consent;SELECT;"REVOKE SELECT ON core.consent FROM verin;"
verin;Ерин Вячеслав Сергеевич (Vyacheslav Erin);contact;SELECT;"REVOKE SELECT ON core.contact FROM verin;"
verin;Ерин Вячеслав Сергеевич (Vyacheslav Erin);claim;SELECT;"REVOKE SELECT ON core.claim FROM verin;"
verin;Ерин Вячеслав Сергеевич (Vyacheslav Erin);claim_transaction;SELECT;"REVOKE SELECT ON core.claim_transaction FROM verin;"
verin;Ерин Вячеслав Сергеевич (Vyacheslav Erin);contract_add;SELECT;"REVOKE SELECT ON core.contract_add FROM verin;"
verin;Ерин Вячеслав Сергеевич (Vyacheslav Erin);contract_counterparty1;SELECT;"REVOKE SELECT ON core.contract_counterparty1 FROM verin;"
verin;Ерин Вячеслав Сергеевич (Vyacheslav Erin);contract_counterparty10;SELECT;"REVOKE SELECT ON core.contract_counterparty10 FROM verin;"
verin;Ерин Вячеслав Сергеевич (Vyacheslav Erin);contract_counterparty11;SELECT;"REVOKE SELECT ON core.contract_counterparty11 FROM verin;"
verin;Ерин Вячеслав Сергеевич (Vyacheslav Erin);contract_counterparty12;SELECT;"REVOKE SELECT ON core.contract_counterparty12 FROM verin;"
verin;Ерин Вячеслав Сергеевич (Vyacheslav Erin);contract_counterparty13;SELECT;"REVOKE SELECT ON core.contract_counterparty13 FROM verin;"
verin;Ерин Вячеслав Сергеевич (Vyacheslav Erin);contract_counterparty15;SELECT;"REVOKE SELECT ON core.contract_counterparty15 FROM verin;"
verin;Ерин Вячеслав Сергеевич (Vyacheslav Erin);cdi_counterparty;SELECT;"REVOKE SELECT ON core.cdi_counterparty FROM verin;"
verin;Ерин Вячеслав Сергеевич (Vyacheslav Erin);contract_counterparty2;SELECT;"REVOKE SELECT ON core.contract_counterparty2 FROM verin;"
verin;Ерин Вячеслав Сергеевич (Vyacheslav Erin);contract_counterparty4;SELECT;"REVOKE SELECT ON core.contract_counterparty4 FROM verin;"
verin;Ерин Вячеслав Сергеевич (Vyacheslav Erin);contract_counterparty5;SELECT;"REVOKE SELECT ON core.contract_counterparty5 FROM verin;"
verin;Ерин Вячеслав Сергеевич (Vyacheslav Erin);contract_counterparty6;SELECT;"REVOKE SELECT ON core.contract_counterparty6 FROM verin;"
verin;Ерин Вячеслав Сергеевич (Vyacheslav Erin);contract_counterparty7;SELECT;"REVOKE SELECT ON core.contract_counterparty7 FROM verin;"
verin;Ерин Вячеслав Сергеевич (Vyacheslav Erin);contract_counterparty8;SELECT;"REVOKE SELECT ON core.contract_counterparty8 FROM verin;"
verin;Ерин Вячеслав Сергеевич (Vyacheslav Erin);contract_counterparty9;SELECT;"REVOKE SELECT ON core.contract_counterparty9 FROM verin;"
verin;Ерин Вячеслав Сергеевич (Vyacheslav Erin);contract_long;SELECT;"REVOKE SELECT ON core.contract_long FROM verin;"
verin;Ерин Вячеслав Сергеевич (Vyacheslav Erin);contract_object;SELECT;"REVOKE SELECT ON core.contract_object FROM verin;"
verin;Ерин Вячеслав Сергеевич (Vyacheslav Erin);contract_reinsurance;SELECT;"REVOKE SELECT ON core.contract_reinsurance FROM verin;"
verin;Ерин Вячеслав Сергеевич (Vyacheslav Erin);counterparty;SELECT;"REVOKE SELECT ON core.counterparty FROM verin;"
verin;Ерин Вячеслав Сергеевич (Vyacheslav Erin);counterparty_link;SELECT;"REVOKE SELECT ON core.counterparty_link FROM verin;"
verin;Ерин Вячеслав Сергеевич (Vyacheslav Erin);declared_return;SELECT;"REVOKE SELECT ON core.declared_return FROM verin;"
verin;Ерин Вячеслав Сергеевич (Vyacheslav Erin);declared_return_long;SELECT;"REVOKE SELECT ON core.declared_return_long FROM verin;"
verin;Ерин Вячеслав Сергеевич (Vyacheslav Erin);department;SELECT;"REVOKE SELECT ON core.department FROM verin;"
verin;Ерин Вячеслав Сергеевич (Vyacheslav Erin);document;SELECT;"REVOKE SELECT ON core.document FROM verin;"
avpirogov;Пирогов Алексей Валерьевич (Aleksey Pirogov);driver_license_category;SELECT;"REVOKE SELECT ON core.driver_license_category FROM avpirogov;"
avkuzmenkov;Кузьменков Александр Владимирович (Aleksandr Kuzmenkov);driver_license_category;SELECT;"REVOKE SELECT ON core.driver_license_category FROM avkuzmenkov;"
verin;Ерин Вячеслав Сергеевич (Vyacheslav Erin);driver_license_category;SELECT;"REVOKE SELECT ON core.driver_license_category FROM verin;"
verin;Ерин Вячеслав Сергеевич (Vyacheslav Erin);group;SELECT;"REVOKE SELECT ON core.group FROM verin;"
verin;Ерин Вячеслав Сергеевич (Vyacheslav Erin);households;SELECT;"REVOKE SELECT ON core.households FROM verin;"
verin;Ерин Вячеслав Сергеевич (Vyacheslav Erin);incident_vehicle;SELECT;"REVOKE SELECT ON core.incident_vehicle FROM verin;"
verin;Ерин Вячеслав Сергеевич (Vyacheslav Erin);insurance_union_agreement;SELECT;"REVOKE SELECT ON core.insurance_union_agreement FROM verin;"
verin;Ерин Вячеслав Сергеевич (Vyacheslav Erin);insured_vehicle;SELECT;"REVOKE SELECT ON core.insured_vehicle FROM verin;"
verin;Ерин Вячеслав Сергеевич (Vyacheslav Erin);insurance_union_blank;SELECT;"REVOKE SELECT ON core.insurance_union_blank FROM verin;"
verin;Ерин Вячеслав Сергеевич (Vyacheslav Erin);insurance_union_contract;SELECT;"REVOKE SELECT ON core.insurance_union_contract FROM verin;"
verin;Ерин Вячеслав Сергеевич (Vyacheslav Erin);object_risk_info;SELECT;"REVOKE SELECT ON core.object_risk_info FROM verin;"
verin;Ерин Вячеслав Сергеевич (Vyacheslav Erin);object_risk_long;SELECT;"REVOKE SELECT ON core.object_risk_long FROM verin;"
aptimchenko;Тимченко Александр Петрович (Aleksandr Timchenko);paper;SELECT;"REVOKE SELECT ON core.paper FROM aptimchenko;"
verin;Ерин Вячеслав Сергеевич (Vyacheslav Erin);payment;SELECT;"REVOKE SELECT ON core.payment FROM verin;"
verin;Ерин Вячеслав Сергеевич (Vyacheslav Erin);payment_counterparty1;SELECT;"REVOKE SELECT ON core.payment_counterparty1 FROM verin;"
verin;Ерин Вячеслав Сергеевич (Vyacheslav Erin);payment_counterparty2;SELECT;"REVOKE SELECT ON core.payment_counterparty2 FROM verin;"
verin;Ерин Вячеслав Сергеевич (Vyacheslav Erin);payment_counterparty3;SELECT;"REVOKE SELECT ON core.payment_counterparty3 FROM verin;"
verin;Ерин Вячеслав Сергеевич (Vyacheslav Erin);payment_counterparty4;SELECT;"REVOKE SELECT ON core.payment_counterparty4 FROM verin;"
verin;Ерин Вячеслав Сергеевич (Vyacheslav Erin);payment_counterparty5;SELECT;"REVOKE SELECT ON core.payment_counterparty5 FROM verin;"
verin;Ерин Вячеслав Сергеевич (Vyacheslav Erin);payment_counterparty6;SELECT;"REVOKE SELECT ON core.payment_counterparty6 FROM verin;"
verin;Ерин Вячеслав Сергеевич (Vyacheslav Erin);payment_counterparty7;SELECT;"REVOKE SELECT ON core.payment_counterparty7 FROM verin;"
verin;Ерин Вячеслав Сергеевич (Vyacheslav Erin);payment_counterparty8;SELECT;"REVOKE SELECT ON core.payment_counterparty8 FROM verin;"
verin;Ерин Вячеслав Сергеевич (Vyacheslav Erin);payment_risk;SELECT;"REVOKE SELECT ON core.payment_risk FROM verin;"
verin;Ерин Вячеслав Сергеевич (Vyacheslav Erin);payment_schedule;SELECT;"REVOKE SELECT ON core.payment_schedule FROM verin;"
verin;Ерин Вячеслав Сергеевич (Vyacheslav Erin);rates_cb;SELECT;"REVOKE SELECT ON core.rates_cb FROM verin;"
verin;Ерин Вячеслав Сергеевич (Vyacheslav Erin);reinsurance_transaction;SELECT;"REVOKE SELECT ON core.reinsurance_transaction FROM verin;"
verin;Ерин Вячеслав Сергеевич (Vyacheslav Erin);segment;SELECT;"REVOKE SELECT ON core.segment FROM verin;"
verin;Ерин Вячеслав Сергеевич (Vyacheslav Erin);transaction6;SELECT;"REVOKE SELECT ON core.transaction6 FROM verin;"
verin;Ерин Вячеслав Сергеевич (Vyacheslav Erin);transaction_mngr;SELECT;"REVOKE SELECT ON core.transaction_mngr FROM verin;"
avpirogov;Пирогов Алексей Валерьевич (Aleksey Pirogov);dict_actuary_mon_channel_map_new;SELECT;"REVOKE SELECT ON core.dict_actuary_mon_channel_map_new FROM avpirogov;"
avkuzmenkov;Кузьменков Александр Владимирович (Aleksandr Kuzmenkov);dict_actuary_mon_channel_map_new;SELECT;"REVOKE SELECT ON core.dict_actuary_mon_channel_map_new FROM avkuzmenkov;"
verin;Ерин Вячеслав Сергеевич (Vyacheslav Erin);contract_counterparty3;SELECT;"REVOKE SELECT ON core.contract_counterparty3 FROM verin;"
verin;Ерин Вячеслав Сергеевич (Vyacheslav Erin);agreement;SELECT;"REVOKE SELECT ON core.agreement FROM verin;"
verin;Ерин Вячеслав Сергеевич (Vyacheslav Erin);contract_counterparty1617;SELECT;"REVOKE SELECT ON core.contract_counterparty1617 FROM verin;"
verin;Ерин Вячеслав Сергеевич (Vyacheslav Erin);acc_broker;SELECT;"REVOKE SELECT ON core.acc_broker FROM verin;"
verin;Ерин Вячеслав Сергеевич (Vyacheslav Erin);acc_reserve_group;SELECT;"REVOKE SELECT ON core.acc_reserve_group FROM verin;"
verin;Ерин Вячеслав Сергеевич (Vyacheslav Erin);cdi_vehicle;SELECT;"REVOKE SELECT ON core.cdi_vehicle FROM verin;"
verin;Ерин Вячеслав Сергеевич (Vyacheslav Erin);contract_project;SELECT;"REVOKE SELECT ON core.contract_project FROM verin;"
verin;Ерин Вячеслав Сергеевич (Vyacheslav Erin);commission_risk_sap_paid_keys;SELECT;"REVOKE SELECT ON core.commission_risk_sap_paid_keys FROM verin;"
verin;Ерин Вячеслав Сергеевич (Vyacheslav Erin);commission_risk_sap_progn_long;SELECT;"REVOKE SELECT ON core.commission_risk_sap_progn_long FROM verin;"
verin;Ерин Вячеслав Сергеевич (Vyacheslav Erin);contract_reason_change;SELECT;"REVOKE SELECT ON core.contract_reason_change FROM verin;"
verin;Ерин Вячеслав Сергеевич (Vyacheslav Erin);jb_log;SELECT;"REVOKE SELECT ON core.jb_log FROM verin;"
verin;Ерин Вячеслав Сергеевич (Vyacheslav Erin);non_insurance_reserve;SELECT;"REVOKE SELECT ON core.non_insurance_reserve FROM verin;"
verin;Ерин Вячеслав Сергеевич (Vyacheslav Erin);auto_dealer;SELECT;"REVOKE SELECT ON core.auto_dealer FROM verin;"
verin;Ерин Вячеслав Сергеевич (Vyacheslav Erin);cancel_storno;SELECT;"REVOKE SELECT ON core.cancel_storno FROM verin;"
verin;Ерин Вячеслав Сергеевич (Vyacheslav Erin);address_links;SELECT;"REVOKE SELECT ON core.address_links FROM verin;"
verin;Ерин Вячеслав Сергеевич (Vyacheslav Erin);tr_errorslog;SELECT;"REVOKE SELECT ON core.tr_errorslog FROM verin;"
verin;Ерин Вячеслав Сергеевич (Vyacheslav Erin);bso_status;SELECT;"REVOKE SELECT ON core.bso_status FROM verin;"
verin;Ерин Вячеслав Сергеевич (Vyacheslav Erin);acc_operation_map;SELECT;"REVOKE SELECT ON core.acc_operation_map FROM verin;"
verin;Ерин Вячеслав Сергеевич (Vyacheslav Erin);agent_contract;SELECT;"REVOKE SELECT ON core.agent_contract FROM verin;"
verin;Ерин Вячеслав Сергеевич (Vyacheslav Erin);coverage2risk;SELECT;"REVOKE SELECT ON core.coverage2risk FROM verin;"
verin;Ерин Вячеслав Сергеевич (Vyacheslav Erin);tr_log;SELECT;"REVOKE SELECT ON core.tr_log FROM verin;"
verin;Ерин Вячеслав Сергеевич (Vyacheslav Erin);paid_return;SELECT;"REVOKE SELECT ON core.paid_return FROM verin;"
verin;Ерин Вячеслав Сергеевич (Vyacheslav Erin);tr_perfomance;SELECT;"REVOKE SELECT ON core.tr_perfomance FROM verin;"
verin;Ерин Вячеслав Сергеевич (Vyacheslav Erin);ref_resgroup_osbu_resgr;SELECT;"REVOKE SELECT ON core.ref_resgroup_osbu_resgr FROM verin;"
verin;Ерин Вячеслав Сергеевич (Vyacheslav Erin);rgs_id_delta_20190624;SELECT;"REVOKE SELECT ON core.rgs_id_delta_20190624 FROM verin;"
verin;Ерин Вячеслав Сергеевич (Vyacheslav Erin);acc_counterparty_risk;SELECT;"REVOKE SELECT ON core.acc_counterparty_risk FROM verin;"
verin;Ерин Вячеслав Сергеевич (Vyacheslav Erin);avto_usage;SELECT;"REVOKE SELECT ON core.avto_usage FROM verin;"
verin;Ерин Вячеслав Сергеевич (Vyacheslav Erin);bank;SELECT;"REVOKE SELECT ON core.bank FROM verin;"
verin;Ерин Вячеслав Сергеевич (Vyacheslav Erin);commission_risk_sap_paid;SELECT;"REVOKE SELECT ON core.commission_risk_sap_paid FROM verin;"
verin;Ерин Вячеслав Сергеевич (Vyacheslav Erin);check_log;SELECT;"REVOKE SELECT ON core.check_log FROM verin;"
verin;Ерин Вячеслав Сергеевич (Vyacheslav Erin);metrics;SELECT;"REVOKE SELECT ON core.metrics FROM verin;"
verin;Ерин Вячеслав Сергеевич (Vyacheslav Erin);claim_contract;SELECT;"REVOKE SELECT ON core.claim_contract FROM verin;"
verin;Ерин Вячеслав Сергеевич (Vyacheslav Erin);address;SELECT;"REVOKE SELECT ON core.address FROM verin;"
verin;Ерин Вячеслав Сергеевич (Vyacheslav Erin);agent_statement;SELECT;"REVOKE SELECT ON core.agent_statement FROM verin;"
verin;Ерин Вячеслав Сергеевич (Vyacheslav Erin);claim_compensationrequest;SELECT;"REVOKE SELECT ON core.claim_compensationrequest FROM verin;"
verin;Ерин Вячеслав Сергеевич (Vyacheslav Erin);object_risk_type;SELECT;"REVOKE SELECT ON core.object_risk_type FROM verin;"
verin;Ерин Вячеслав Сергеевич (Vyacheslav Erin);acc_f162_okato;SELECT;"REVOKE SELECT ON core.acc_f162_okato FROM verin;"
verin;Ерин Вячеслав Сергеевич (Vyacheslav Erin);claim_coveragetype;SELECT;"REVOKE SELECT ON core.claim_coveragetype FROM verin;"
verin;Ерин Вячеслав Сергеевич (Vyacheslav Erin);account_doc;SELECT;"REVOKE SELECT ON core.account_doc FROM verin;"
verin;Ерин Вячеслав Сергеевич (Vyacheslav Erin);branch_organization_type;SELECT;"REVOKE SELECT ON core.branch_organization_type FROM verin;"
verin;Ерин Вячеслав Сергеевич (Vyacheslav Erin);claim2delete;SELECT;"REVOKE SELECT ON core.claim2delete FROM verin;"
verin;Ерин Вячеслав Сергеевич (Vyacheslav Erin);reinsurance_declared_return;SELECT;"REVOKE SELECT ON core.reinsurance_declared_return FROM verin;"
dnvoronin;Воронин Денис Николаевич (Denis Voronin);acc_premium_f10_t2;INSERT;"REVOKE INSERT ON cdm_analysis_out.acc_premium_f10_t2 FROM dnvoronin;"
dnvoronin;Воронин Денис Николаевич (Denis Voronin);acc_premium_f10_t2;SELECT;"REVOKE SELECT ON cdm_analysis_out.acc_premium_f10_t2 FROM dnvoronin;"
dnvoronin;Воронин Денис Николаевич (Denis Voronin);acc_premium_f10_t2;UPDATE;"REVOKE UPDATE ON cdm_analysis_out.acc_premium_f10_t2 FROM dnvoronin;"
dnvoronin;Воронин Денис Николаевич (Denis Voronin);acc_premium_f10_t2;DELETE;"REVOKE DELETE ON cdm_analysis_out.acc_premium_f10_t2 FROM dnvoronin;"
dnvoronin;Воронин Денис Николаевич (Denis Voronin);acc_premium_f10_t2;TRUNCATE;"REVOKE TRUNCATE ON cdm_analysis_out.acc_premium_f10_t2 FROM dnvoronin;"
dnvoronin;Воронин Денис Николаевич (Denis Voronin);acc_premium_f10_t2;REFERENCES;"REVOKE REFERENCES ON cdm_analysis_out.acc_premium_f10_t2 FROM dnvoronin;"
dnvoronin;Воронин Денис Николаевич (Denis Voronin);acc_premium_f10_t2;TRIGGER;"REVOKE TRIGGER ON cdm_analysis_out.acc_premium_f10_t2 FROM dnvoronin;"
verin;Ерин Вячеслав Сергеевич (Vyacheslav Erin);base;SELECT;"REVOKE SELECT ON kias_dm.base FROM verin;"
verin;Ерин Вячеслав Сергеевич (Vyacheslav Erin);claim_policy;SELECT;"REVOKE SELECT ON core.claim_policy FROM verin;"
verin;Ерин Вячеслав Сергеевич (Vyacheslav Erin);claim_costtype;SELECT;"REVOKE SELECT ON core.claim_costtype FROM verin;"
verin;Ерин Вячеслав Сергеевич (Vyacheslav Erin);claim_exception;SELECT;"REVOKE SELECT ON core.claim_exception FROM verin;"
verin;Ерин Вячеслав Сергеевич (Vyacheslav Erin);claim_costcategory;SELECT;"REVOKE SELECT ON core.claim_costcategory FROM verin;"
verin;Ерин Вячеслав Сергеевич (Vyacheslav Erin);object_risk;SELECT;"REVOKE SELECT ON core.object_risk FROM verin;"
avpirogov;Пирогов Алексей Валерьевич (Aleksey Pirogov);relation;SELECT;"REVOKE SELECT ON core.relation FROM avpirogov;"
pvzakrepin;Закрепин Павел Владимирович (Pavel Zakrepin);tmp_delete_core_sandbox_avbunina_counterparty3;INSERT;"REVOKE INSERT ON public.tmp_delete_core_sandbox_avbunina_counterparty3 FROM pvzakrepin;"
pvzakrepin;Закрепин Павел Владимирович (Pavel Zakrepin);tmp_delete_core_sandbox_avbunina_counterparty3;SELECT;"REVOKE SELECT ON public.tmp_delete_core_sandbox_avbunina_counterparty3 FROM pvzakrepin;"
pvzakrepin;Закрепин Павел Владимирович (Pavel Zakrepin);tmp_delete_core_sandbox_avbunina_counterparty3;UPDATE;"REVOKE UPDATE ON public.tmp_delete_core_sandbox_avbunina_counterparty3 FROM pvzakrepin;"
pvzakrepin;Закрепин Павел Владимирович (Pavel Zakrepin);tmp_delete_core_sandbox_avbunina_counterparty3;DELETE;"REVOKE DELETE ON public.tmp_delete_core_sandbox_avbunina_counterparty3 FROM pvzakrepin;"
pvzakrepin;Закрепин Павел Владимирович (Pavel Zakrepin);tmp_delete_core_sandbox_avbunina_counterparty3;TRUNCATE;"REVOKE TRUNCATE ON public.tmp_delete_core_sandbox_avbunina_counterparty3 FROM pvzakrepin;"
pvzakrepin;Закрепин Павел Владимирович (Pavel Zakrepin);tmp_delete_core_sandbox_avbunina_counterparty3;REFERENCES;"REVOKE REFERENCES ON public.tmp_delete_core_sandbox_avbunina_counterparty3 FROM pvzakrepin;"
pvzakrepin;Закрепин Павел Владимирович (Pavel Zakrepin);tmp_delete_core_sandbox_avbunina_counterparty3;TRIGGER;"REVOKE TRIGGER ON public.tmp_delete_core_sandbox_avbunina_counterparty3 FROM pvzakrepin;"
verin;Ерин Вячеслав Сергеевич (Vyacheslav Erin);contract;SELECT;"REVOKE SELECT ON core.contract FROM verin;"
