rolname;Name;Enabled;rolcanlogin;nologin_sql
miyurlova;Юрлова Мария Игоревна (Mariya Yurlova);False;True;"ALTER ROLE miyurlova NOLOGIN;"
dbzinchenko;Зинченко Дмитрий Сергеевич (Dmitriy Zinchenko);False;True;"ALTER ROLE dbzinchenko NOLOGIN;"
aepryazhentsev;Пряженцев Алексей Евгеньевич (Aleksey Pryazhentsev);False;True;"ALTER ROLE aepryazhentsev NOLOGIN;"
mvserdyukova;Сердюкова Марина Вячеславовна (Marina Serdyukova);False;True;"ALTER ROLE mvserdyukova NOLOGIN;"
asmaklakova;Маклакова Анастасия Сергеевна (Anastasiya Maklakova);False;True;"ALTER ROLE asmaklakova NOLOGIN;"
eaevsyukova;Евсюкова Елена Алексеевна (Elena Evsyukova);False;True;"ALTER ROLE eaevsyukova NOLOGIN;"
vnvokhmin;Вохмин Владимир Николаевич (Vladimir Vokhmin);False;True;"ALTER ROLE vnvokhmin NOLOGIN;"
dvgineeva;Гинеева Дарья Валерьевна (Darya Gineeva);False;True;"ALTER ROLE dvgineeva NOLOGIN;"
nsbochkov;Бочков Никита Сергеевич (Nikita Bochkov);False;True;"ALTER ROLE nsbochkov NOLOGIN;"
rgs_id_user;rgs_id_user;False;True;"ALTER ROLE rgs_id_user NOLOGIN;"
vmatveev;Матвеев Владимир Валентинович (Vladimir Matveev);False;True;"ALTER ROLE vmatveev NOLOGIN;"
vvbezik;Безик Вероника Вячеславовна (Veronika Bezik);False;True;"ALTER ROLE vvbezik NOLOGIN;"
mmrodin;Родин Максим Михайлович (Maksim Rodin);False;True;"ALTER ROLE mmrodin NOLOGIN;"
svkorobkov;Коробков Сергей Вячеславович (Sergey Korobkov);False;True;"ALTER ROLE svkorobkov NOLOGIN;"
erziyangirova;Зиянгирова Ева Ришаттовна (Eva Ziyangirova);False;True;"ALTER ROLE erziyangirova NOLOGIN;"
vpkhlyupin;Хлюпин Виктор Павлович (Viktor Khlyupin);False;True;"ALTER ROLE vpkhlyupin NOLOGIN;"
vvbaukina;Баукина Варвара Васильевна (Varvara Baukina);False;True;"ALTER ROLE vvbaukina NOLOGIN;"
yvnefedina;Нефедина Юлия Викторовна (Yuliya Nefedina);False;True;"ALTER ROLE yvnefedina NOLOGIN;"
vesivas;Сивас Владлена Эдуардовна (Vladlena Sivas);False;True;"ALTER ROLE vesivas NOLOGIN;"
mvsaranskov;Сарансков Михаил Вячеславович (Mikhail Saranskov);False;True;"ALTER ROLE mvsaranskov NOLOGIN;"
paandreev;Андреев Павел Александрович (Pavel Andreev);False;True;"ALTER ROLE paandreev NOLOGIN;"
vitibichidemitrov;Тибичи-Демитров Валерий Ильич (Valery Tibichi-Demitrov);False;True;"ALTER ROLE vitibichidemitrov NOLOGIN;"
kdkratenok;Кратенок Ксения Дмитриевна (Kseniya Kratenok);False;True;"ALTER ROLE kdkratenok NOLOGIN;"
pkhrolenok;Хроленок Полина Олеговна (Polina Khrolenok);False;True;"ALTER ROLE pkhrolenok NOLOGIN;"
arbasarova;Басарова Аида Ренатовна (Aida Basarova);False;True;"ALTER ROLE arbasarova NOLOGIN;"
smdyugurov;Дюгуров Сергей Михайлович (Sergey Dyugurov);False;True;"ALTER ROLE smdyugurov NOLOGIN;"
aopustovalov;Пустовалов Артем Олегович (Artem Pustovalov);False;True;"ALTER ROLE aopustovalov NOLOGIN;"
eykukushkina;Кукушкина Елена Юрьевна (Elena Kukushkina);False;True;"ALTER ROLE eykukushkina NOLOGIN;"
angubaydulina;Губайдулина Амина Наилевна (Amina Gubaydulina);False;True;"ALTER ROLE angubaydulina NOLOGIN;"
aashteynbrekher;Штейнбрехер Андрей Андреевич (Andrey Shteynbrekher);False;True;"ALTER ROLE aashteynbrekher NOLOGIN;"
evmorozova;Морозова Екатерина Владимировна (Ekaterina Morozova);False;True;"ALTER ROLE evmorozova NOLOGIN;"
ialifanova;Алифанова Илона Андреевна (Ilona Alifanova);False;True;"ALTER ROLE ialifanova NOLOGIN;"
gkkorobov;Коробов Георгий Константинович (Georgy Korobov);False;True;"ALTER ROLE gkkorobov NOLOGIN;"
ekukina;Кукина Екатерина Александровна (Ekaterina Kukina);False;True;"ALTER ROLE ekukina NOLOGIN;"
takonova;Конова Татьяна Александровна (Tatyana Konova);False;True;"ALTER ROLE takonova NOLOGIN;"
mmsmorodinova;Смородинова Мария Михайловна (Mariya Smorodinova);False;True;"ALTER ROLE mmsmorodinova NOLOGIN;"
